3.991992e+002,2.714087e-001
4.011277e+002,2.768797e-001
4.030562e+002,2.830978e-001
4.049847e+002,2.895516e-001
4.069132e+002,3.028119e-001
4.088417e+002,3.117982e-001
4.107702e+002,3.123016e-001
4.126987e+002,3.084824e-001
4.146272e+002,3.062857e-001
4.165557e+002,3.030915e-001
4.184842e+002,2.988760e-001
4.204127e+002,2.949551e-001
4.223412e+002,2.911719e-001
4.242697e+002,2.892148e-001
4.261982e+002,2.901418e-001
4.281267e+002,2.938302e-001
4.300552e+002,2.979997e-001
4.319837e+002,3.021473e-001
4.339122e+002,3.060147e-001
4.358407e+002,3.094155e-001
4.377692e+002,3.117810e-001
4.396977e+002,3.137901e-001
4.416262e+002,3.158969e-001
4.435547e+002,3.184078e-001
4.454832e+002,3.207058e-001
4.474117e+002,3.232641e-001
4.493401e+002,3.250747e-001
4.512686e+002,3.259937e-001
4.531971e+002,3.258362e-001
4.551256e+002,3.252313e-001
4.570541e+002,3.246331e-001
4.589826e+002,3.239889e-001
4.609111e+002,3.230653e-001
4.628396e+002,3.225684e-001
4.647681e+002,3.219932e-001
4.666966e+002,3.218831e-001
4.686251e+002,3.223845e-001
4.705536e+002,3.235296e-001
4.724821e+002,3.242840e-001
4.744106e+002,3.251700e-001
4.763391e+002,3.278389e-001
4.782676e+002,3.333647e-001
4.801961e+002,3.389842e-001
4.821246e+002,3.430678e-001
4.840531e+002,3.453222e-001
4.859816e+002,3.457071e-001
4.879101e+002,3.444070e-001
4.898386e+002,3.420279e-001
4.917671e+002,3.381431e-001
4.936956e+002,3.332386e-001
4.956241e+002,3.274420e-001
4.975526e+002,3.214708e-001
4.994811e+002,3.160014e-001
5.014096e+002,3.128621e-001
5.033381e+002,3.139053e-001
5.052666e+002,3.177714e-001
5.071951e+002,3.211316e-001
5.091236e+002,3.241352e-001
5.110521e+002,3.271900e-001
5.129806e+002,3.303334e-001
5.149091e+002,3.335889e-001
5.168376e+002,3.374063e-001
5.187661e+002,3.411967e-001
5.206946e+002,3.449490e-001
5.226231e+002,3.485359e-001
5.245516e+002,3.526058e-001
5.264801e+002,3.575673e-001
5.284086e+002,3.643937e-001
5.303371e+002,3.728211e-001
5.322656e+002,3.810086e-001
5.341941e+002,3.866012e-001
5.361226e+002,3.893462e-001
5.380511e+002,3.893366e-001
5.399796e+002,3.873920e-001
5.419081e+002,3.840104e-001
5.438365e+002,3.796673e-001
5.457651e+002,3.743637e-001
5.476936e+002,3.692126e-001
5.496221e+002,3.649469e-001
5.515505e+002,3.631182e-001
5.534791e+002,3.645701e-001
5.554076e+002,3.700515e-001
5.573361e+002,3.782606e-001
5.592645e+002,3.875771e-001
5.611931e+002,3.968468e-001
5.631216e+002,4.073079e-001
5.650500e+002,4.194995e-001
5.669786e+002,4.334090e-001
5.689070e+002,4.465432e-001
5.708356e+002,4.576104e-001
5.727640e+002,4.659584e-001
5.746926e+002,4.721031e-001
5.766210e+002,4.760648e-001
5.785496e+002,4.790255e-001
5.804780e+002,4.813700e-001
5.824066e+002,4.838328e-001
5.843351e+002,4.854246e-001
5.862635e+002,4.859023e-001
5.881920e+002,4.847273e-001
5.901205e+002,4.822305e-001
5.920491e+002,4.783809e-001
5.939775e+002,4.730883e-001
5.959060e+002,4.643786e-001
5.978345e+002,4.526173e-001
5.997631e+002,4.386812e-001
6.016915e+002,4.236892e-001
6.036200e+002,4.082803e-001
6.055485e+002,3.936366e-001
6.074771e+002,3.798497e-001
6.094055e+002,3.687782e-001
6.113340e+002,3.614186e-001
6.132625e+002,3.559132e-001
6.151910e+002,3.497011e-001
6.171195e+002,3.424939e-001
6.190480e+002,3.347885e-001
6.209765e+002,3.271120e-001
6.229050e+002,3.189845e-001
6.248335e+002,3.107116e-001
6.267620e+002,3.024817e-001
6.286905e+002,2.943672e-001
6.306190e+002,2.864530e-001
6.325475e+002,2.794097e-001
6.344760e+002,2.742025e-001
6.364045e+002,2.728851e-001
6.383330e+002,2.749964e-001
6.402615e+002,2.770730e-001
6.421900e+002,2.778310e-001
6.441185e+002,2.779127e-001
6.460470e+002,2.774788e-001
6.479755e+002,2.766123e-001
6.499040e+002,2.752266e-001
6.518325e+002,2.735999e-001
6.537610e+002,2.719665e-001
6.556895e+002,2.704211e-001
6.576180e+002,2.689113e-001
6.595465e+002,2.676273e-001
6.614750e+002,2.665890e-001
6.634034e+002,2.658120e-001
6.653320e+002,2.651822e-001
6.672605e+002,2.647062e-001
6.691890e+002,2.643173e-001
6.711175e+002,2.640402e-001
6.730460e+002,2.638701e-001
6.749745e+002,2.638747e-001
6.769030e+002,2.638902e-001
6.788315e+002,2.639838e-001
6.807600e+002,2.641478e-001
6.826885e+002,2.643080e-001
6.846169e+002,2.644093e-001
6.865455e+002,2.645825e-001
6.884740e+002,2.647647e-001
6.904025e+002,2.648278e-001
6.923309e+002,2.647783e-001
6.942595e+002,2.646202e-001
6.961880e+002,2.639961e-001
6.981165e+002,2.643285e-001
7.000449e+002,2.689707e-001
7.019734e+002,2.765006e-001
7.039020e+002,2.832371e-001
7.058304e+002,2.880717e-001
7.077589e+002,2.908950e-001
7.096874e+002,2.918907e-001
7.116160e+002,2.910848e-001
7.135444e+002,2.886952e-001
7.154729e+002,2.848466e-001
7.174014e+002,2.798250e-001
7.193300e+002,2.740948e-001
7.212584e+002,2.683367e-001
7.231870e+002,2.636343e-001
7.251155e+002,2.624847e-001
7.270439e+002,2.660011e-001
7.289724e+002,2.703037e-001
7.309009e+002,2.731581e-001
7.328295e+002,2.755392e-001
7.347579e+002,2.778777e-001
7.366864e+002,2.802573e-001
7.386149e+002,2.822905e-001
7.405435e+002,2.858091e-001
7.424719e+002,2.961679e-001
7.444004e+002,3.149386e-001
7.463289e+002,3.365006e-001
7.482574e+002,3.556529e-001
7.501859e+002,3.697720e-001
7.521144e+002,3.781727e-001
7.540429e+002,3.808362e-001
7.559714e+002,3.778802e-001
7.578999e+002,3.693988e-001
7.598284e+002,3.559302e-001
7.617569e+002,3.385797e-001
7.636854e+002,3.193283e-001
7.656139e+002,3.011356e-001
7.675424e+002,2.886910e-001
7.694709e+002,2.857636e-001
7.713994e+002,2.897041e-001
7.733279e+002,2.942332e-001
7.752564e+002,2.973291e-001
7.771849e+002,2.996738e-001
7.791134e+002,3.018047e-001
7.810419e+002,3.036157e-001
7.829704e+002,3.050386e-001
7.848989e+002,3.058576e-001
7.868274e+002,3.063633e-001
7.887559e+002,3.084880e-001
7.906844e+002,3.137399e-001
7.926129e+002,3.199304e-001
7.945414e+002,3.254969e-001
7.964698e+002,3.304716e-001
7.983984e+002,3.354889e-001
8.003269e+002,3.402298e-001
8.022554e+002,3.446872e-001
8.041838e+002,3.494820e-001
8.061124e+002,3.563509e-001
8.080409e+002,3.689235e-001
8.099694e+002,3.926492e-001
8.118978e+002,4.280618e-001
8.138264e+002,4.686223e-001
8.157549e+002,5.060934e-001
8.176833e+002,5.335384e-001
8.196119e+002,5.458302e-001
8.215404e+002,5.430325e-001
8.234689e+002,5.267667e-001
8.253973e+002,4.988140e-001
8.273259e+002,4.615979e-001
8.292544e+002,4.187596e-001
8.311829e+002,3.749970e-001
8.331113e+002,3.370003e-001
8.350399e+002,3.115187e-001
8.369684e+002,3.026279e-001
8.388969e+002,3.067843e-001
8.408253e+002,3.162408e-001
8.427538e+002,3.258467e-001
8.446824e+002,3.346277e-001
8.466108e+002,3.426126e-001
8.485393e+002,3.498246e-001
8.504678e+002,3.557996e-001
8.523964e+002,3.603470e-001
8.543248e+002,3.633993e-001
8.562533e+002,3.650414e-001
8.581818e+002,3.653241e-001
8.601104e+002,3.649314e-001
8.620388e+002,3.647576e-001
8.639673e+002,3.658892e-001
8.658958e+002,3.689664e-001
8.678243e+002,3.745898e-001
8.697528e+002,3.828930e-001
8.716813e+002,3.937719e-001
8.736099e+002,4.064108e-001
8.755383e+002,4.205170e-001
8.774668e+002,4.345812e-001
8.793953e+002,4.463135e-001
8.813239e+002,4.539632e-001
8.832523e+002,4.569511e-001
8.851808e+002,4.550843e-001
8.871093e+002,4.487691e-001
8.890378e+002,4.385302e-001
8.909663e+002,4.253344e-001
8.928948e+002,4.102538e-001
8.948233e+002,3.948253e-001
8.967518e+002,3.802947e-001
8.986803e+002,3.675389e-001
9.006088e+002,3.568508e-001
9.025373e+002,3.485508e-001
9.044658e+002,3.414349e-001
9.063943e+002,3.344026e-001
9.083228e+002,3.274132e-001
9.102513e+002,3.209263e-001
9.121798e+002,3.150521e-001
9.141083e+002,3.099688e-001
9.160367e+002,3.056556e-001
9.179653e+002,3.022879e-001
9.198938e+002,2.998182e-001
9.218223e+002,2.980054e-001
9.237507e+002,2.964324e-001
9.256793e+002,2.947873e-001
9.276078e+002,2.928398e-001
9.295363e+002,2.907379e-001
9.314647e+002,2.885939e-001
9.333933e+002,2.866800e-001
9.353218e+002,2.851089e-001
9.372502e+002,2.840403e-001
9.391787e+002,2.834844e-001
9.411073e+002,2.835337e-001
9.430358e+002,2.840703e-001
9.449642e+002,2.851042e-001
9.468928e+002,2.865091e-001
9.488213e+002,2.881462e-001
9.507498e+002,2.899526e-001
9.526782e+002,2.918634e-001
9.546068e+002,2.937367e-001
9.565353e+002,2.956367e-001
9.584637e+002,2.976007e-001
9.603922e+002,2.998509e-001
9.623208e+002,3.023950e-001
9.642493e+002,3.051487e-001
9.661777e+002,3.079669e-001
9.681062e+002,3.108981e-001
9.700348e+002,3.138583e-001
9.719633e+002,3.168646e-001
9.738917e+002,3.198642e-001
9.758202e+002,3.229212e-001
9.777488e+002,3.260018e-001
9.796772e+002,3.291605e-001
9.816057e+002,3.324319e-001
9.835342e+002,3.362764e-001
9.854628e+002,3.412988e-001
9.873912e+002,3.478191e-001
9.893197e+002,3.551683e-001
9.912482e+002,3.624395e-001
9.931768e+002,3.689600e-001
9.951052e+002,3.745030e-001
9.970337e+002,3.788122e-001
9.989623e+002,3.821421e-001
1.000891e+003,3.852773e-001
1.002819e+003,3.883789e-001
1.004748e+003,3.907096e-001
1.006676e+003,3.921422e-001
1.008605e+003,3.930296e-001
1.010533e+003,3.942010e-001
1.012462e+003,3.961428e-001
1.014390e+003,3.989297e-001
1.016319e+003,4.020430e-001
1.018247e+003,4.050846e-001
1.020176e+003,4.075458e-001
1.022104e+003,4.092451e-001
1.024033e+003,4.102530e-001
1.025961e+003,4.112594e-001
1.027890e+003,4.127292e-001
1.029818e+003,4.142720e-001
1.031747e+003,4.152509e-001
1.033675e+003,4.158137e-001
1.035604e+003,4.161674e-001
1.037532e+003,4.170323e-001
1.039461e+003,4.193405e-001
1.041389e+003,4.241528e-001
1.043318e+003,4.311969e-001
1.045246e+003,4.402460e-001
1.047175e+003,4.511921e-001
1.049103e+003,4.623796e-001
1.051032e+003,4.718246e-001
1.052960e+003,4.790757e-001
1.054889e+003,4.836371e-001
1.056817e+003,4.847855e-001
1.058746e+003,4.816828e-001
1.060674e+003,4.741187e-001
1.062603e+003,4.627465e-001
1.064531e+003,4.495404e-001
1.066460e+003,4.368732e-001
1.068388e+003,4.266611e-001
1.070317e+003,4.192035e-001
1.072245e+003,4.145783e-001
1.074174e+003,4.119263e-001
1.076102e+003,4.091308e-001
1.078031e+003,4.052687e-001
1.079959e+003,4.009121e-001
1.081888e+003,3.957118e-001
1.083816e+003,3.890801e-001
1.085745e+003,3.829170e-001
1.087673e+003,3.836796e-001
1.089602e+003,3.926198e-001
1.091530e+003,4.039859e-001
1.093459e+003,4.138141e-001
1.095387e+003,4.209366e-001
1.097316e+003,4.244463e-001
1.099244e+003,4.236269e-001
1.101173e+003,4.181840e-001
1.103101e+003,4.085024e-001
1.105030e+003,3.952839e-001
1.106958e+003,3.797288e-001
1.108887e+003,3.634551e-001
1.110815e+003,3.492322e-001
1.112744e+003,3.415569e-001
1.114672e+003,3.438761e-001
1.116601e+003,3.511089e-001
1.118529e+003,3.564616e-001
1.120458e+003,3.593724e-001
1.122386e+003,3.613646e-001
1.124315e+003,3.636926e-001
1.126243e+003,3.666938e-001
1.128172e+003,3.696368e-001
1.130100e+003,3.722411e-001
1.132029e+003,3.745075e-001
1.133957e+003,3.764822e-001
1.135886e+003,3.782138e-001
1.137814e+003,3.799306e-001
1.139743e+003,3.817388e-001
1.141671e+003,3.838390e-001
1.143600e+003,3.863288e-001
1.145528e+003,3.894081e-001
1.147457e+003,3.933409e-001
1.149385e+003,3.986510e-001
1.151314e+003,4.056588e-001
1.153242e+003,4.137323e-001
1.155171e+003,4.218302e-001
1.157099e+003,4.298196e-001
1.159028e+003,4.374904e-001
1.160956e+003,4.446180e-001
1.162885e+003,4.510608e-001
1.164813e+003,4.568483e-001
1.166742e+003,4.619053e-001
1.168670e+003,4.663458e-001
1.170599e+003,4.702747e-001
1.172527e+003,4.740661e-001
1.174456e+003,4.780659e-001
1.176384e+003,4.826873e-001
1.178313e+003,4.881190e-001
1.180241e+003,4.946123e-001
1.182170e+003,5.019761e-001
1.184098e+003,5.099301e-001
1.186027e+003,5.180904e-001
1.187955e+003,5.262471e-001
1.189884e+003,5.341454e-001
1.191812e+003,5.418362e-001
1.193741e+003,5.490071e-001
1.195669e+003,5.548552e-001
1.197598e+003,5.587156e-001
1.199526e+003,5.607173e-001
1.201455e+003,5.611599e-001
1.203383e+003,5.605081e-001
1.205312e+003,5.596218e-001
1.207240e+003,5.615604e-001
1.209169e+003,5.679841e-001
1.211097e+003,5.766088e-001
1.213026e+003,5.851669e-001
1.214954e+003,5.928633e-001
1.216883e+003,5.990664e-001
1.218811e+003,6.032030e-001
1.220740e+003,6.041722e-001
1.222668e+003,6.008967e-001
1.224597e+003,5.930797e-001
1.226525e+003,5.812680e-001
1.228453e+003,5.662141e-001
1.230382e+003,5.493125e-001
1.232311e+003,5.329049e-001
1.234239e+003,5.199808e-001
1.236167e+003,5.102765e-001
1.238096e+003,5.012278e-001
1.240025e+003,4.924847e-001
1.241953e+003,4.845974e-001
1.243882e+003,4.773754e-001
1.245810e+003,4.705505e-001
1.247739e+003,4.637836e-001
1.249667e+003,4.568122e-001
1.251596e+003,4.493477e-001
1.253524e+003,4.410906e-001
1.255453e+003,4.323926e-001
1.257381e+003,4.262050e-001
1.259310e+003,4.247763e-001
1.261238e+003,4.260220e-001
1.263167e+003,4.270774e-001
1.265095e+003,4.267383e-001
1.267024e+003,4.246597e-001
1.268952e+003,4.207590e-001
1.270880e+003,4.149642e-001
1.272809e+003,4.073935e-001
1.274738e+003,3.982469e-001
1.276666e+003,3.881191e-001
1.278594e+003,3.781893e-001
1.280523e+003,3.696947e-001
1.282452e+003,3.640615e-001
1.284380e+003,3.641118e-001
1.286308e+003,3.717758e-001
1.288237e+003,3.861671e-001
1.290166e+003,4.046372e-001
1.292094e+003,4.241177e-001
1.294022e+003,4.421210e-001
1.295951e+003,4.573630e-001
1.297880e+003,4.694758e-001
1.299808e+003,4.788013e-001
1.301736e+003,4.862013e-001
1.303665e+003,4.926382e-001
1.305594e+003,4.982933e-001
1.307522e+003,5.018910e-001
1.309450e+003,5.019513e-001
1.311379e+003,4.992372e-001
1.313307e+003,4.959372e-001
1.315236e+003,4.923401e-001
1.317164e+003,4.856185e-001
1.319093e+003,4.740756e-001
1.321021e+003,4.583192e-001
1.322950e+003,4.399886e-001
1.324878e+003,4.208149e-001
1.326807e+003,4.026496e-001
1.328735e+003,3.872124e-001
1.330664e+003,3.755672e-001
1.332592e+003,3.674441e-001
1.334521e+003,3.615928e-001
1.336449e+003,3.565544e-001
1.338378e+003,3.514051e-001
1.340307e+003,3.455877e-001
1.342235e+003,3.391564e-001
1.344163e+003,3.323070e-001
1.346092e+003,3.254663e-001
1.348021e+003,3.188969e-001
1.349949e+003,3.128304e-001
1.351877e+003,3.079792e-001
1.353806e+003,3.050368e-001
1.355734e+003,3.043358e-001
1.357663e+003,3.061347e-001
1.359591e+003,3.101133e-001
1.361520e+003,3.156568e-001
1.363448e+003,3.222321e-001
1.365377e+003,3.292935e-001
1.367305e+003,3.363943e-001
1.369234e+003,3.434108e-001
1.371162e+003,3.501279e-001
1.373091e+003,3.560232e-001
1.375019e+003,3.599931e-001
1.376948e+003,3.614348e-001
1.378876e+003,3.607739e-001
1.380805e+003,3.581196e-001
1.382733e+003,3.540091e-001
1.384662e+003,3.509766e-001
1.386590e+003,3.508144e-001
1.388519e+003,3.559328e-001
1.390447e+003,3.663942e-001
1.392376e+003,3.808835e-001
1.394304e+003,3.973279e-001
1.396233e+003,4.137972e-001
1.398161e+003,4.275045e-001
1.400090e+003,4.365028e-001
1.402018e+003,4.408161e-001
1.403947e+003,4.394328e-001
1.405875e+003,4.303227e-001
1.407804e+003,4.134658e-001
1.409732e+003,3.915971e-001
1.411661e+003,3.687896e-001
1.413589e+003,3.478252e-001
1.415518e+003,3.310235e-001
1.417446e+003,3.174964e-001
1.419375e+003,3.060677e-001
1.421303e+003,2.957262e-001
1.423232e+003,2.862086e-001
1.425160e+003,2.774096e-001
1.427089e+003,2.706277e-001
1.429017e+003,2.667188e-001
1.430946e+003,2.637154e-001
1.432874e+003,2.597427e-001
1.434803e+003,2.554233e-001
1.436731e+003,2.517411e-001
1.438660e+003,2.491524e-001
1.440588e+003,2.478058e-001
1.442517e+003,2.475304e-001
1.444445e+003,2.473207e-001
1.446374e+003,2.474854e-001
1.448302e+003,2.480014e-001
1.450231e+003,2.487777e-001
1.452159e+003,2.493720e-001
1.454088e+003,2.501673e-001
1.456016e+003,2.511095e-001
1.457945e+003,2.525575e-001
1.459873e+003,2.568545e-001
1.461802e+003,2.652764e-001
1.463730e+003,2.749335e-001
1.465659e+003,2.834545e-001
1.467587e+003,2.897874e-001
1.469516e+003,2.935711e-001
1.471444e+003,2.946835e-001
1.473373e+003,2.938922e-001
1.475301e+003,2.908866e-001
1.477230e+003,2.858017e-001
1.479158e+003,2.795404e-001
1.481087e+003,2.736523e-001
1.483015e+003,2.687607e-001
1.484944e+003,2.669883e-001
1.486872e+003,2.708521e-001
1.488801e+003,2.792107e-001
1.490729e+003,2.879291e-001
1.492658e+003,2.959641e-001
1.494586e+003,3.028429e-001
1.496515e+003,3.076422e-001
1.498443e+003,3.097672e-001
1.500372e+003,3.092642e-001
1.502300e+003,3.066593e-001
1.504229e+003,3.029199e-001
1.506157e+003,2.984365e-001
1.508086e+003,2.931802e-001
1.510014e+003,2.872961e-001
1.511943e+003,2.822028e-001
1.513871e+003,2.781682e-001
1.515800e+003,2.756221e-001
1.517728e+003,2.743748e-001
1.519657e+003,2.742834e-001
1.521585e+003,2.747886e-001
1.523514e+003,2.763279e-001
1.525442e+003,2.782831e-001
1.527371e+003,2.798471e-001
1.529299e+003,2.831815e-001
1.531228e+003,2.880553e-001
1.533156e+003,2.949368e-001
1.535085e+003,3.057639e-001
1.537013e+003,3.207550e-001
1.538942e+003,3.447048e-001
1.540870e+003,3.817616e-001
1.542799e+003,4.242239e-001
1.544727e+003,4.649574e-001
1.546656e+003,5.005415e-001
1.548584e+003,5.220916e-001
1.550513e+003,5.289893e-001
1.552441e+003,5.284821e-001
1.554370e+003,4.965889e-001
1.556298e+003,4.617364e-001
1.558227e+003,4.180662e-001
1.560155e+003,3.428299e-001
1.562084e+003,3.266732e-001
1.564012e+003,2.887440e-001
1.565941e+003,2.658317e-001
1.567869e+003,2.582436e-001
1.569798e+003,2.573273e-001
1.571726e+003,2.617716e-001
1.573655e+003,2.708983e-001
1.575583e+003,2.798058e-001
1.577512e+003,2.927268e-001
1.579440e+003,3.112474e-001
1.581369e+003,3.342791e-001
1.583297e+003,3.573834e-001
1.585226e+003,3.769491e-001
1.587154e+003,3.920601e-001
1.589083e+003,4.031077e-001
1.591011e+003,4.116756e-001
1.592940e+003,4.195487e-001
1.594868e+003,4.273563e-001
1.596797e+003,4.348679e-001
1.598725e+003,4.394202e-001
1.600654e+003,4.394262e-001
1.602582e+003,4.348947e-001
1.604511e+003,4.273333e-001
1.606439e+003,4.183818e-001
1.608368e+003,4.066006e-001
1.610296e+003,3.891048e-001
1.612225e+003,3.678631e-001
1.614153e+003,3.461634e-001
1.616082e+003,3.275908e-001
1.618010e+003,3.158366e-001
1.619939e+003,3.130064e-001
1.621867e+003,3.197237e-001
1.623796e+003,3.320799e-001
1.625724e+003,3.439523e-001
1.627653e+003,3.532811e-001
1.629581e+003,3.593686e-001
1.631510e+003,3.617851e-001
1.633438e+003,3.605948e-001
1.635367e+003,3.558699e-001
1.637295e+003,3.481078e-001
1.639224e+003,3.381614e-001
1.641152e+003,3.266990e-001
1.643081e+003,3.156106e-001
1.645009e+003,3.069463e-001
1.646938e+003,3.013090e-001
1.648866e+003,2.984971e-001
1.650795e+003,2.966551e-001
1.652723e+003,2.946638e-001
1.654652e+003,2.928864e-001
1.656580e+003,2.911864e-001
1.658509e+003,2.895195e-001
1.660437e+003,2.879976e-001
1.662366e+003,2.864211e-001
1.664294e+003,2.850566e-001
1.666223e+003,2.836276e-001
1.668151e+003,2.824516e-001
1.670080e+003,2.815516e-001
1.672008e+003,2.805302e-001
1.673937e+003,2.799409e-001
1.675865e+003,2.795914e-001
1.677794e+003,2.794349e-001
1.679722e+003,2.796744e-001
1.681651e+003,2.799418e-001
1.683579e+003,2.801213e-001
1.685508e+003,2.806033e-001
1.687436e+003,2.809335e-001
1.689365e+003,2.813603e-001
1.691293e+003,2.820055e-001
1.693222e+003,2.824620e-001
1.695150e+003,2.829211e-001
1.697079e+003,2.832393e-001
1.699007e+003,2.835603e-001
1.700936e+003,2.842045e-001
1.702864e+003,2.846906e-001
1.704793e+003,2.849590e-001
1.706721e+003,2.854075e-001
1.708650e+003,2.858487e-001
1.710578e+003,2.861757e-001
1.712507e+003,2.866089e-001
1.714435e+003,2.868977e-001
1.716364e+003,2.874517e-001
1.718292e+003,2.880136e-001
1.720221e+003,2.884108e-001
1.722149e+003,2.889152e-001
1.724078e+003,2.897157e-001
1.726006e+003,2.904826e-001
1.727935e+003,2.910848e-001
1.729863e+003,2.915385e-001
1.731792e+003,2.918129e-001
1.733720e+003,2.921802e-001
1.735649e+003,2.923209e-001
1.737577e+003,2.920867e-001
1.739506e+003,2.916366e-001
1.741434e+003,2.910554e-001
1.743363e+003,2.901830e-001
1.745291e+003,2.892179e-001
1.747220e+003,2.881540e-001
1.749148e+003,2.871377e-001
1.751077e+003,2.865118e-001
1.753005e+003,2.859299e-001
1.754934e+003,2.854289e-001
1.756862e+003,2.851168e-001
1.758791e+003,2.847649e-001
1.760719e+003,2.844630e-001
1.762648e+003,2.842135e-001
1.764576e+003,2.839798e-001
1.766505e+003,2.837381e-001
1.768433e+003,2.834670e-001
1.770362e+003,2.831306e-001
1.772290e+003,2.828467e-001
1.774219e+003,2.826521e-001
1.776147e+003,2.825350e-001
1.778076e+003,2.825287e-001
1.780004e+003,2.825258e-001
1.781933e+003,2.826441e-001
1.783861e+003,2.829187e-001
1.785790e+003,2.831564e-001
1.787718e+003,2.834514e-001
1.789647e+003,2.837779e-001
1.791575e+003,2.840016e-001
1.793504e+003,2.840579e-001
1.795432e+003,2.839969e-001
1.797361e+003,2.838582e-001
1.799289e+003,2.836697e-001
1.801218e+003,2.835941e-001
1.803146e+003,2.835667e-001
1.805075e+003,2.835632e-001
1.807003e+003,2.837445e-001
1.808932e+003,2.842743e-001
1.810860e+003,2.849656e-001
1.812789e+003,2.857137e-001
1.814717e+003,2.864738e-001
1.816646e+003,2.871043e-001
1.818574e+003,2.875285e-001
1.820503e+003,2.876697e-001
1.822431e+003,2.874509e-001
1.824360e+003,2.868917e-001
1.826288e+003,2.860965e-001
1.828217e+003,2.851631e-001
1.830145e+003,2.839991e-001
1.832074e+003,2.827043e-001
1.834002e+003,2.815603e-001
1.835931e+003,2.805927e-001
1.837859e+003,2.798385e-001
1.839788e+003,2.793310e-001
1.841716e+003,2.790914e-001
1.843645e+003,2.789994e-001
1.845573e+003,2.790760e-001
1.847502e+003,2.792197e-001
1.849430e+003,2.793197e-001
1.851359e+003,2.793596e-001
1.853287e+003,2.792959e-001
1.855216e+003,2.790331e-001
1.857144e+003,2.785919e-001
1.859073e+003,2.781766e-001
1.861001e+003,2.778753e-001
1.862930e+003,2.775861e-001
1.864858e+003,2.773879e-001
1.866787e+003,2.773257e-001
1.868715e+003,2.774332e-001
1.870644e+003,2.776639e-001
1.872572e+003,2.779681e-001
1.874501e+003,2.783000e-001
1.876429e+003,2.785583e-001
1.878358e+003,2.787571e-001
1.880286e+003,2.788846e-001
1.882215e+003,2.788905e-001
1.884143e+003,2.789851e-001
1.886072e+003,2.792131e-001
1.888000e+003,2.795183e-001
1.889929e+003,2.799739e-001
1.891857e+003,2.806528e-001
1.893786e+003,2.815880e-001
1.895714e+003,2.827282e-001
1.897643e+003,2.839681e-001
1.899571e+003,2.851846e-001
1.901500e+003,2.862310e-001
1.903428e+003,2.869540e-001
1.905357e+003,2.873118e-001
1.907285e+003,2.873231e-001
1.909214e+003,2.869178e-001
1.911142e+003,2.861938e-001
1.913071e+003,2.852318e-001
1.914999e+003,2.841021e-001
1.916927e+003,2.829109e-001
1.918856e+003,2.817666e-001
1.920785e+003,2.807458e-001
1.922713e+003,2.798686e-001
1.924641e+003,2.791486e-001
1.926570e+003,2.785989e-001
1.928499e+003,2.781732e-001
1.930427e+003,2.779312e-001
1.932356e+003,2.780066e-001
1.934284e+003,2.784015e-001
1.936213e+003,2.789000e-001
1.938141e+003,2.793511e-001
1.940070e+003,2.796570e-001
1.941998e+003,2.797157e-001
1.943927e+003,2.795221e-001
1.945855e+003,2.791006e-001
1.947784e+003,2.785104e-001
1.949712e+003,2.778125e-001
1.951641e+003,2.770639e-001
1.953569e+003,2.763084e-001
1.955498e+003,2.756347e-001
1.957426e+003,2.752255e-001
1.959354e+003,2.751395e-001
1.961283e+003,2.752514e-001
1.963212e+003,2.754573e-001
1.965140e+003,2.756841e-001
1.967068e+003,2.759174e-001
1.968997e+003,2.761793e-001
1.970926e+003,2.765172e-001
1.972854e+003,2.769587e-001
1.974782e+003,2.774996e-001
1.976711e+003,2.781318e-001
1.978640e+003,2.787881e-001
1.980568e+003,2.794863e-001
1.982496e+003,2.803196e-001
1.984425e+003,2.812665e-001
1.986354e+003,2.822565e-001
1.988282e+003,2.832151e-001
1.990210e+003,2.840610e-001
1.992139e+003,2.847789e-001
1.994068e+003,2.854442e-001
1.995996e+003,2.861895e-001
1.997924e+003,2.870796e-001
1.999853e+003,2.880163e-001
2.001781e+003,2.888170e-001
2.003710e+003,2.893396e-001
2.005638e+003,2.895255e-001
2.007567e+003,2.894668e-001
2.009495e+003,2.892510e-001
2.011424e+003,2.889315e-001
2.013352e+003,2.885351e-001
2.015281e+003,2.880054e-001
2.017209e+003,2.873282e-001
2.019138e+003,2.865969e-001
2.021066e+003,2.859782e-001
2.022995e+003,2.855773e-001
2.024923e+003,2.853809e-001
2.026852e+003,2.852690e-001
2.028781e+003,2.851356e-001
2.030709e+003,2.849614e-001
2.032637e+003,2.847897e-001
2.034566e+003,2.846811e-001
2.036495e+003,2.847208e-001
2.038423e+003,2.849741e-001
2.040351e+003,2.853964e-001
2.042280e+003,2.858896e-001
2.044208e+003,2.863919e-001
2.046137e+003,2.868838e-001
2.048065e+003,2.873713e-001
2.049994e+003,2.878517e-001
2.051922e+003,2.883312e-001
2.053851e+003,2.888405e-001
2.055779e+003,2.893994e-001
2.057708e+003,2.900259e-001
2.059636e+003,2.907055e-001
2.061565e+003,2.914243e-001
2.063493e+003,2.921939e-001
2.065422e+003,2.930158e-001
2.067350e+003,2.938804e-001
2.069279e+003,2.947844e-001
2.071207e+003,2.957200e-001
2.073136e+003,2.966730e-001
2.075064e+003,2.976491e-001
2.076993e+003,2.986431e-001
2.078921e+003,2.996534e-001
2.080850e+003,3.006908e-001
2.082778e+003,3.017411e-001
2.084707e+003,3.027864e-001
2.086635e+003,3.038042e-001
2.088564e+003,3.047579e-001
2.090492e+003,3.056256e-001
2.092421e+003,3.063728e-001
2.094349e+003,3.069710e-001
2.096278e+003,3.074175e-001
2.098206e+003,3.077286e-001
2.100135e+003,3.079289e-001
2.102063e+003,3.080466e-001
2.103992e+003,3.080933e-001
2.105920e+003,3.080877e-001
2.107849e+003,3.080500e-001
2.109777e+003,3.079886e-001
2.111706e+003,3.078948e-001
2.113634e+003,3.077679e-001
2.115563e+003,3.075998e-001
2.117491e+003,3.073944e-001
2.119420e+003,3.071487e-001
2.121348e+003,3.068747e-001
2.123277e+003,3.066064e-001
2.125205e+003,3.063843e-001
2.127134e+003,3.062176e-001
2.129062e+003,3.061157e-001
2.130991e+003,3.060884e-001
2.132919e+003,3.061431e-001
2.134848e+003,3.062734e-001
2.136776e+003,3.064604e-001
2.138705e+003,3.066731e-001
2.140633e+003,3.069007e-001
2.142562e+003,3.071332e-001
2.144490e+003,3.073739e-001
2.146419e+003,3.076214e-001
2.148347e+003,3.078730e-001
2.150276e+003,3.081257e-001
2.152204e+003,3.083802e-001
2.154133e+003,3.086296e-001
2.156061e+003,3.088857e-001
2.157990e+003,3.091466e-001
2.159918e+003,3.094092e-001
2.161847e+003,3.096591e-001
2.163775e+003,3.098874e-001
2.165704e+003,3.100822e-001
2.167632e+003,3.102522e-001
2.169561e+003,3.104129e-001
2.171489e+003,3.105823e-001
2.173418e+003,3.107516e-001
2.175346e+003,3.109010e-001
2.177275e+003,3.110078e-001
2.179203e+003,3.110687e-001
2.181132e+003,3.110873e-001
2.183060e+003,3.110853e-001
2.184989e+003,3.110798e-001
2.186917e+003,3.110778e-001
2.188846e+003,3.110707e-001
2.190774e+003,3.110653e-001
2.192703e+003,3.110789e-001
2.194631e+003,3.111312e-001
2.196560e+003,3.112271e-001
2.198488e+003,3.113687e-001
2.200417e+003,3.115373e-001
2.202345e+003,3.117185e-001
2.204274e+003,3.118972e-001
2.206202e+003,3.120763e-001
2.208131e+003,3.122632e-001
2.210059e+003,3.124752e-001
2.211988e+003,3.127088e-001
2.213916e+003,3.129576e-001
2.215845e+003,3.132122e-001
2.217773e+003,3.134791e-001
2.219702e+003,3.137637e-001
2.221630e+003,3.140662e-001
2.223559e+003,3.143830e-001
2.225487e+003,3.147226e-001
2.227416e+003,3.150779e-001
2.229344e+003,3.154521e-001
2.231273e+003,3.158400e-001
2.233201e+003,3.162448e-001
2.235130e+003,3.166680e-001
2.237058e+003,3.171144e-001
2.238987e+003,3.175758e-001
2.240915e+003,3.180579e-001
2.242844e+003,3.185548e-001
2.244772e+003,3.190711e-001
2.246701e+003,3.196008e-001
2.248629e+003,3.201492e-001
2.250558e+003,3.207193e-001
2.252486e+003,3.213045e-001
2.254415e+003,3.218888e-001
2.256343e+003,3.224796e-001
2.258272e+003,3.230727e-001
2.260200e+003,3.236775e-001
2.262129e+003,3.242884e-001
2.264057e+003,3.248936e-001
2.265986e+003,3.254735e-001
2.267914e+003,3.260204e-001
2.269843e+003,3.265177e-001
2.271771e+003,3.269654e-001
2.273700e+003,3.273669e-001
2.275628e+003,3.277455e-001
2.277557e+003,3.281015e-001
2.279485e+003,3.284417e-001
2.281414e+003,3.287795e-001
2.283342e+003,3.291373e-001
2.285271e+003,3.295248e-001
2.287199e+003,3.299614e-001
2.289128e+003,3.304451e-001
2.291056e+003,3.309762e-001
2.292985e+003,3.315338e-001
2.294913e+003,3.321017e-001
2.296842e+003,3.326700e-001
2.298770e+003,3.332449e-001
2.300699e+003,3.338234e-001
2.302627e+003,3.344280e-001
2.304556e+003,3.350452e-001
2.306484e+003,3.356679e-001
2.308413e+003,3.362853e-001
2.310341e+003,3.369053e-001
2.312270e+003,3.375129e-001
2.314198e+003,3.381181e-001
2.316127e+003,3.387106e-001
2.318055e+003,3.393087e-001
2.319984e+003,3.399207e-001
2.321912e+003,3.405464e-001
2.323841e+003,3.411685e-001
2.325769e+003,3.418255e-001
2.327698e+003,3.425011e-001
2.329626e+003,3.432147e-001
2.331555e+003,3.439264e-001
2.333483e+003,3.446981e-001
2.335412e+003,3.455875e-001
2.337340e+003,3.464563e-001
2.339269e+003,3.471453e-001
2.341197e+003,3.477668e-001
2.343126e+003,3.483515e-001
2.345054e+003,3.489354e-001
2.346983e+003,3.495095e-001
2.348911e+003,3.501142e-001
2.350840e+003,3.507313e-001
2.352768e+003,3.514242e-001
2.354697e+003,3.521417e-001
2.356625e+003,3.529409e-001
2.358554e+003,3.538328e-001
2.360482e+003,3.548670e-001
2.362411e+003,3.559207e-001
2.364339e+003,3.567915e-001
2.366268e+003,3.574410e-001
2.368196e+003,3.580002e-001
2.370125e+003,3.584184e-001
2.372053e+003,3.586993e-001
2.373982e+003,3.588515e-001
2.375910e+003,3.589611e-001
2.377839e+003,3.590472e-001
2.379767e+003,3.591946e-001
2.381696e+003,3.594255e-001
2.383624e+003,3.598204e-001
2.385553e+003,3.603592e-001
2.387481e+003,3.609967e-001
2.389410e+003,3.616520e-001
2.391338e+003,3.623132e-001
2.393267e+003,3.629594e-001
2.395195e+003,3.636078e-001
2.397124e+003,3.642544e-001
2.399052e+003,3.649141e-001
2.400981e+003,3.655764e-001
2.402909e+003,3.662558e-001
2.404838e+003,3.669380e-001
2.406766e+003,3.676178e-001
2.408695e+003,3.682740e-001
2.410623e+003,3.689067e-001
2.412552e+003,3.694839e-001
2.414480e+003,3.699880e-001
2.416409e+003,3.704191e-001
2.418337e+003,3.708282e-001
2.420266e+003,3.712510e-001
2.422194e+003,3.717212e-001
2.424123e+003,3.722252e-001
2.426051e+003,3.727609e-001
2.427979e+003,3.733027e-001
2.429908e+003,3.738426e-001
2.431837e+003,3.743517e-001
2.433765e+003,3.748317e-001
2.435694e+003,3.752826e-001
2.437622e+003,3.757335e-001
2.439551e+003,3.761913e-001
2.441479e+003,3.766850e-001
2.443407e+003,3.772467e-001
2.445336e+003,3.779121e-001
2.447265e+003,3.786632e-001
2.449193e+003,3.794962e-001
2.451122e+003,3.803771e-001
2.453050e+003,3.812911e-001
2.454979e+003,3.822210e-001
2.456907e+003,3.831758e-001
2.458836e+003,3.841365e-001
2.460764e+003,3.850980e-001
2.462693e+003,3.860259e-001
2.464621e+003,3.869005e-001
2.466550e+003,3.877142e-001
2.468478e+003,3.885103e-001
2.470406e+003,3.893111e-001
2.472335e+003,3.901418e-001
2.474264e+003,3.909910e-001
2.476192e+003,3.918577e-001
2.478121e+003,3.926834e-001
2.480049e+003,3.934161e-001
2.481978e+003,3.940127e-001
2.483906e+003,3.944530e-001
2.485835e+003,3.946951e-001
2.487763e+003,3.947391e-001
2.489692e+003,3.945680e-001
2.491620e+003,3.942157e-001
2.493549e+003,3.937504e-001
2.495477e+003,3.932795e-001
2.497406e+003,3.928715e-001
2.499334e+003,3.926065e-001
2.501263e+003,3.925097e-001
2.503191e+003,3.925900e-001
2.505120e+003,3.928037e-001
2.507048e+003,3.931107e-001
2.508977e+003,3.934646e-001
2.510905e+003,3.938478e-001
2.512833e+003,3.942292e-001
2.514762e+003,3.946284e-001
2.516691e+003,3.950568e-001
2.518619e+003,3.955451e-001
2.520548e+003,3.961013e-001
2.522476e+003,3.967483e-001
2.524405e+003,3.974680e-001
2.526333e+003,3.982577e-001
2.528261e+003,3.990817e-001
2.530190e+003,3.999306e-001
2.532119e+003,4.007718e-001
2.534047e+003,4.015968e-001
2.535976e+003,4.023897e-001
2.537904e+003,4.031790e-001
2.539833e+003,4.039807e-001
2.541761e+003,4.048424e-001
2.543689e+003,4.057830e-001
2.545618e+003,4.068016e-001
2.547547e+003,4.078538e-001
2.549475e+003,4.089129e-001
2.551404e+003,4.099250e-001
2.553332e+003,4.108916e-001
2.555260e+003,4.118213e-001
2.557189e+003,4.127464e-001
2.559117e+003,4.136493e-001
2.561046e+003,4.145357e-001
2.562975e+003,4.153897e-001
2.564903e+003,4.162367e-001
2.566832e+003,4.170940e-001
2.568760e+003,4.179882e-001
2.570688e+003,4.189211e-001
2.572617e+003,4.199252e-001
2.574546e+003,4.209900e-001
2.576474e+003,4.221117e-001
2.578403e+003,4.232776e-001
2.580331e+003,4.245448e-001
2.582260e+003,4.259250e-001
2.584188e+003,4.274036e-001
2.586116e+003,4.289082e-001
2.588045e+003,4.303657e-001
2.589974e+003,4.316615e-001
2.591902e+003,4.327572e-001
2.593831e+003,4.336405e-001
2.595759e+003,4.343386e-001
2.597688e+003,4.348756e-001
2.599616e+003,4.352829e-001
2.601544e+003,4.355554e-001
2.603473e+003,4.357579e-001
2.605402e+003,4.359742e-001
2.607330e+003,4.362970e-001
2.609259e+003,4.367136e-001
2.611187e+003,4.371633e-001
2.613115e+003,4.375130e-001
2.615044e+003,4.376053e-001
2.616972e+003,4.372878e-001
2.618901e+003,4.365432e-001
2.620830e+003,4.354036e-001
2.622758e+003,4.339578e-001
2.624687e+003,4.323044e-001
2.626615e+003,4.305921e-001
2.628543e+003,4.289885e-001
2.630472e+003,4.277102e-001
2.632400e+003,4.269100e-001
2.634329e+003,4.266934e-001
2.636258e+003,4.270522e-001
2.638186e+003,4.278970e-001
2.640115e+003,4.290738e-001
2.642043e+003,4.304568e-001
2.643971e+003,4.319507e-001
2.645900e+003,4.335340e-001
2.647828e+003,4.351804e-001
2.649757e+003,4.369220e-001
2.651686e+003,4.387863e-001
2.653614e+003,4.408345e-001
2.655542e+003,4.430942e-001
2.657471e+003,4.455919e-001
2.659399e+003,4.482681e-001
2.661328e+003,4.510182e-001
2.663256e+003,4.536431e-001
2.665185e+003,4.559314e-001
2.667114e+003,4.576948e-001
2.669042e+003,4.588546e-001
2.670970e+003,4.593700e-001
2.672899e+003,4.592760e-001
2.674827e+003,4.586223e-001
2.676756e+003,4.575232e-001
2.678685e+003,4.560964e-001
2.680613e+003,4.545262e-001
2.682542e+003,4.529634e-001
2.684470e+003,4.515429e-001
2.686398e+003,4.503103e-001
2.688327e+003,4.492825e-001
2.690255e+003,4.484455e-001
2.692184e+003,4.478275e-001
2.694113e+003,4.474506e-001
2.696041e+003,4.473697e-001
2.697969e+003,4.475662e-001
2.699898e+003,4.479957e-001
2.701826e+003,4.485497e-001
2.703755e+003,4.491349e-001
2.705683e+003,4.496763e-001
2.707612e+003,4.501798e-001
2.709541e+003,4.506410e-001
2.711469e+003,4.511003e-001
2.713397e+003,4.515747e-001
2.715326e+003,4.521243e-001
2.717254e+003,4.528065e-001
2.719183e+003,4.536831e-001
2.721111e+003,4.547645e-001
2.723040e+003,4.560763e-001
2.724969e+003,4.575993e-001
2.726897e+003,4.593139e-001
2.728825e+003,4.611664e-001
2.730754e+003,4.631542e-001
2.732682e+003,4.652620e-001
2.734611e+003,4.674890e-001
2.736539e+003,4.697950e-001
2.738468e+003,4.721549e-001
2.740396e+003,4.745072e-001
2.742325e+003,4.768333e-001
2.744253e+003,4.790887e-001
2.746182e+003,4.812786e-001
2.748110e+003,4.834102e-001
2.750039e+003,4.855575e-001
2.751967e+003,4.877864e-001
2.753896e+003,4.901513e-001
2.755824e+003,4.926181e-001
2.757753e+003,4.951559e-001
2.759681e+003,4.976617e-001
2.761610e+003,5.000589e-001
2.763538e+003,5.022668e-001
2.765467e+003,5.042309e-001
2.767395e+003,5.058836e-001
2.769324e+003,5.072179e-001
2.771252e+003,5.082339e-001
2.773181e+003,5.090138e-001
2.775109e+003,5.096282e-001
2.777038e+003,5.101894e-001
2.778966e+003,5.107829e-001
2.780895e+003,5.114953e-001
2.782823e+003,5.123290e-001
2.784752e+003,5.133120e-001
2.786680e+003,5.144141e-001
2.788609e+003,5.156084e-001
2.790537e+003,5.168002e-001
2.792466e+003,5.178692e-001
2.794394e+003,5.186555e-001
2.796323e+003,5.190528e-001
2.798251e+003,5.189560e-001
2.800180e+003,5.183740e-001
2.802108e+003,5.173517e-001
2.804037e+003,5.160142e-001
2.805965e+003,5.145156e-001
2.807894e+003,5.130507e-001
2.809822e+003,5.117594e-001
2.811751e+003,5.108078e-001
2.813679e+003,5.103149e-001
2.815608e+003,5.103952e-001
2.817536e+003,5.110710e-001
2.819465e+003,5.123212e-001
2.821393e+003,5.140684e-001
2.823322e+003,5.162346e-001
2.825250e+003,5.186912e-001
2.827179e+003,5.213783e-001
2.829107e+003,5.242026e-001
2.831036e+003,5.271102e-001
2.832964e+003,5.300391e-001
2.834893e+003,5.329500e-001
2.836821e+003,5.357710e-001
2.838750e+003,5.385079e-001
2.840678e+003,5.411627e-001
2.842607e+003,5.437540e-001
2.844535e+003,5.462431e-001
2.846464e+003,5.485728e-001
2.848392e+003,5.506292e-001
2.850321e+003,5.523313e-001
2.852249e+003,5.536134e-001
2.854178e+003,5.545043e-001
2.856106e+003,5.550457e-001
2.858035e+003,5.553501e-001
2.859963e+003,5.555259e-001
2.861892e+003,5.557109e-001
2.863820e+003,5.559887e-001
2.865749e+003,5.564839e-001
2.867677e+003,5.572541e-001
2.869606e+003,5.583320e-001
2.871534e+003,5.596769e-001
2.873463e+003,5.612094e-001
2.875391e+003,5.627838e-001
2.877320e+003,5.642932e-001
2.879248e+003,5.656221e-001
2.881177e+003,5.667568e-001
2.883105e+003,5.676792e-001
2.885034e+003,5.683981e-001
2.886962e+003,5.688971e-001
2.888891e+003,5.692060e-001
2.890819e+003,5.693474e-001
2.892748e+003,5.694178e-001
2.894676e+003,5.694993e-001
2.896605e+003,5.696830e-001
2.898533e+003,5.699995e-001
2.900462e+003,5.704648e-001
2.902390e+003,5.710279e-001
2.904319e+003,5.716674e-001
2.906247e+003,5.723600e-001
2.908176e+003,5.731514e-001
2.910104e+003,5.740529e-001
2.912033e+003,5.750787e-001
2.913961e+003,5.761898e-001
2.915890e+003,5.773665e-001
2.917818e+003,5.785391e-001
2.919747e+003,5.796897e-001
2.921675e+003,5.808133e-001
2.923604e+003,5.819509e-001
2.925532e+003,5.830973e-001
2.927461e+003,5.842712e-001
2.929389e+003,5.854213e-001
2.931318e+003,5.865029e-001
2.933246e+003,5.874283e-001
2.935175e+003,5.881161e-001
2.937103e+003,5.884488e-001
2.939032e+003,5.883711e-001
2.940960e+003,5.878405e-001
2.942889e+003,5.868901e-001
2.944817e+003,5.856166e-001
2.946746e+003,5.842503e-001
2.948674e+003,5.830594e-001
2.950603e+003,5.823020e-001
2.952531e+003,5.820492e-001
2.954460e+003,5.822834e-001
2.956388e+003,5.828491e-001
2.958317e+003,5.835791e-001
2.960245e+003,5.842593e-001
2.962174e+003,5.847282e-001
2.964102e+003,5.848292e-001
2.966031e+003,5.845221e-001
2.967959e+003,5.838080e-001
2.969888e+003,5.827725e-001
2.971816e+003,5.814933e-001
2.973745e+003,5.800827e-001
2.975673e+003,5.786008e-001
2.977602e+003,5.770585e-001
2.979530e+003,5.753837e-001
2.981459e+003,5.735435e-001
2.983387e+003,5.715237e-001
2.985316e+003,5.693946e-001
2.987244e+003,5.672358e-001
2.989173e+003,5.651848e-001
2.991101e+003,5.633451e-001
2.993030e+003,5.618562e-001
2.994958e+003,5.607865e-001
2.996887e+003,5.601729e-001
2.998815e+003,5.599591e-001
3.000744e+003,5.601161e-001
3.002672e+003,5.605846e-001
3.004601e+003,5.613135e-001
3.006529e+003,5.622311e-001
3.008458e+003,5.632604e-001
3.010386e+003,5.643076e-001
3.012315e+003,5.652968e-001
3.014243e+003,5.661413e-001
3.016172e+003,5.668406e-001
3.018100e+003,5.673857e-001
3.020029e+003,5.677708e-001
3.021957e+003,5.679318e-001
3.023886e+003,5.678962e-001
3.025814e+003,5.677030e-001
3.027743e+003,5.673567e-001
3.029671e+003,5.667565e-001
3.031600e+003,5.658122e-001
3.033528e+003,5.644774e-001
3.035457e+003,5.627797e-001
3.037385e+003,5.607992e-001
3.039314e+003,5.586564e-001
3.041242e+003,5.564681e-001
3.043171e+003,5.543470e-001
3.045099e+003,5.523244e-001
3.047028e+003,5.504430e-001
3.048956e+003,5.487676e-001
3.050885e+003,5.474578e-001
3.052813e+003,5.465880e-001
3.054742e+003,5.460188e-001
3.056670e+003,5.454436e-001
3.058599e+003,5.446644e-001
3.060527e+003,5.436031e-001
3.062456e+003,5.423459e-001
3.064384e+003,5.410230e-001
3.066313e+003,5.396578e-001
3.068241e+003,5.382009e-001
3.070170e+003,5.366933e-001
3.072098e+003,5.351902e-001
3.074027e+003,5.337419e-001
3.075955e+003,5.323673e-001
3.077884e+003,5.310641e-001
3.079812e+003,5.297359e-001
3.081741e+003,5.282413e-001
3.083669e+003,5.264726e-001
3.085598e+003,5.244834e-001
3.087526e+003,5.223832e-001
3.089455e+003,5.203586e-001
3.091383e+003,5.185389e-001
3.093312e+003,5.169854e-001
3.095240e+003,5.157803e-001
3.097169e+003,5.149899e-001
3.099097e+003,5.144695e-001
3.101026e+003,5.140113e-001
3.102954e+003,5.134319e-001
3.104883e+003,5.126121e-001
3.106811e+003,5.114715e-001
3.108740e+003,5.100271e-001
3.110668e+003,5.083357e-001
3.112597e+003,5.064943e-001
3.114525e+003,5.045651e-001
3.116454e+003,5.026705e-001
3.118382e+003,5.009195e-001
3.120311e+003,4.994232e-001
3.122239e+003,4.982195e-001
3.124168e+003,4.972337e-001
3.126096e+003,4.963227e-001
3.128025e+003,4.954261e-001
3.129953e+003,4.945172e-001
3.131882e+003,4.936039e-001
3.133810e+003,4.926545e-001
3.135739e+003,4.916740e-001
3.137667e+003,4.906574e-001
3.139596e+003,4.895883e-001
3.141524e+003,4.884312e-001
3.143453e+003,4.871984e-001
3.145381e+003,4.858768e-001
3.147310e+003,4.845061e-001
3.149238e+003,4.831036e-001
3.151167e+003,4.816875e-001
3.153095e+003,4.802605e-001
3.155024e+003,4.788594e-001
3.156952e+003,4.775021e-001
3.158881e+003,4.762202e-001
3.160809e+003,4.750183e-001
3.162738e+003,4.739448e-001
3.164666e+003,4.730079e-001
3.166594e+003,4.722584e-001
3.168523e+003,4.717540e-001
3.170452e+003,4.715195e-001
3.172380e+003,4.715112e-001
3.174309e+003,4.716834e-001
3.176237e+003,4.719435e-001
3.178166e+003,4.722013e-001
3.180094e+003,4.723566e-001
3.182022e+003,4.723537e-001
3.183951e+003,4.721221e-001
3.185880e+003,4.716468e-001
3.187808e+003,4.709317e-001
3.189737e+003,4.700218e-001
3.191665e+003,4.689708e-001
3.193594e+003,4.679021e-001
3.195522e+003,4.669110e-001
3.197450e+003,4.660714e-001
3.199379e+003,4.654167e-001
3.201308e+003,4.649479e-001
3.203236e+003,4.646706e-001
3.205165e+003,4.645916e-001
3.207093e+003,4.647062e-001
3.209021e+003,4.650297e-001
3.210950e+003,4.655286e-001
3.212878e+003,4.661849e-001
3.214807e+003,4.669418e-001
3.216736e+003,4.677514e-001
3.218664e+003,4.685805e-001
3.220593e+003,4.694244e-001
3.222521e+003,4.702660e-001
3.224449e+003,4.711047e-001
3.226378e+003,4.719082e-001
3.228307e+003,4.726349e-001
3.230235e+003,4.732963e-001
3.232164e+003,4.739119e-001
3.234092e+003,4.745257e-001
3.236021e+003,4.751756e-001
3.237949e+003,4.758662e-001
3.239877e+003,4.766185e-001
3.241806e+003,4.774542e-001
3.243735e+003,4.784271e-001
3.245663e+003,4.795850e-001
3.247592e+003,4.809710e-001
3.249520e+003,4.825990e-001
3.251448e+003,4.844511e-001
3.253377e+003,4.864767e-001
3.255305e+003,4.886394e-001
3.257234e+003,4.909206e-001
3.259163e+003,4.932899e-001
3.261091e+003,4.957294e-001
3.263020e+003,4.982505e-001
3.264948e+003,5.008507e-001
3.266876e+003,5.035434e-001
3.268805e+003,5.063511e-001
3.270733e+003,5.093200e-001
3.272662e+003,5.124802e-001
3.274591e+003,5.158557e-001
3.276519e+003,5.194665e-001
3.278448e+003,5.233080e-001
3.280376e+003,5.274038e-001
3.282304e+003,5.317981e-001
3.284233e+003,5.365025e-001
3.286161e+003,5.415065e-001
3.288090e+003,5.468292e-001
3.290019e+003,5.525274e-001
3.291947e+003,5.585967e-001
3.293875e+003,5.650285e-001
3.295804e+003,5.717611e-001
3.297732e+003,5.787274e-001
3.299661e+003,5.858186e-001
3.301589e+003,5.928773e-001
3.303518e+003,5.997211e-001
3.305447e+003,6.061231e-001
3.307375e+003,6.118712e-001
3.309303e+003,6.167368e-001
3.311232e+003,6.205212e-001
3.313160e+003,6.230813e-001
3.315089e+003,6.243925e-001
3.317018e+003,6.245021e-001
3.318946e+003,6.235428e-001
3.320875e+003,6.217258e-001
3.322803e+003,6.192999e-001
3.324731e+003,6.165630e-001
3.326660e+003,6.138251e-001
3.328588e+003,6.113395e-001
3.330517e+003,6.093200e-001
3.332446e+003,6.078957e-001
3.334374e+003,6.071504e-001
3.336302e+003,6.070883e-001
3.338231e+003,6.077032e-001
3.340159e+003,6.089500e-001
3.342088e+003,6.107932e-001
3.344016e+003,6.131628e-001
3.345945e+003,6.160348e-001
3.347874e+003,6.193464e-001
3.349802e+003,6.230846e-001
3.351730e+003,6.271946e-001
3.353659e+003,6.316544e-001
3.355587e+003,6.364200e-001
3.357516e+003,6.414396e-001
3.359444e+003,6.465985e-001
3.361373e+003,6.518229e-001
3.363302e+003,6.569958e-001
3.365230e+003,6.620375e-001
3.367158e+003,6.668044e-001
3.369087e+003,6.711875e-001
3.371015e+003,6.750208e-001
3.372944e+003,6.782170e-001
3.374872e+003,6.806512e-001
3.376801e+003,6.823081e-001
3.378729e+003,6.831152e-001
3.380658e+003,6.831498e-001
3.382586e+003,6.824581e-001
3.384515e+003,6.811102e-001
3.386443e+003,6.791626e-001
3.388372e+003,6.767471e-001
3.390300e+003,6.739225e-001
3.392229e+003,6.707894e-001
3.394157e+003,6.673504e-001
3.396086e+003,6.636681e-001
3.398014e+003,6.597224e-001
3.399943e+003,6.555948e-001
3.401871e+003,6.512734e-001
3.403800e+003,6.468312e-001
3.405728e+003,6.422654e-001
3.407657e+003,6.376725e-001
3.409585e+003,6.330698e-001
3.411514e+003,6.285336e-001
3.413442e+003,6.240688e-001
3.415371e+003,6.197177e-001
3.417299e+003,6.154570e-001
3.419228e+003,6.113214e-001
3.421156e+003,6.072747e-001
3.423085e+003,6.033530e-001
3.425013e+003,5.995301e-001
3.426942e+003,5.958694e-001
3.428870e+003,5.923118e-001
3.430799e+003,5.889060e-001
3.432727e+003,5.855884e-001
3.434656e+003,5.823794e-001
3.436584e+003,5.793325e-001
3.438513e+003,5.764499e-001
3.440441e+003,5.736778e-001
3.442370e+003,5.710254e-001
3.444298e+003,5.684651e-001
3.446227e+003,5.660317e-001
3.448155e+003,5.636961e-001
3.450084e+003,5.614774e-001
3.452012e+003,5.593621e-001
3.453941e+003,5.573938e-001
3.455869e+003,5.555341e-001
3.457798e+003,5.538028e-001
3.459726e+003,5.521576e-001
3.461655e+003,5.506429e-001
3.463583e+003,5.492905e-001
3.465512e+003,5.480772e-001
3.467440e+003,5.469376e-001
3.469369e+003,5.458551e-001
3.471297e+003,5.448588e-001
3.473226e+003,5.439391e-001
3.475154e+003,5.430067e-001
3.477083e+003,5.420808e-001
3.479011e+003,5.411341e-001
3.480940e+003,5.401606e-001
3.482868e+003,5.391079e-001
3.484797e+003,5.379898e-001
3.486725e+003,5.367781e-001
3.488654e+003,5.354608e-001
3.490582e+003,5.340016e-001
3.492511e+003,5.324641e-001
3.494439e+003,5.307660e-001
3.496368e+003,5.288801e-001
3.498296e+003,5.268497e-001
3.500225e+003,5.246599e-001
3.502153e+003,5.222830e-001
3.504082e+003,5.197817e-001
3.506010e+003,5.171434e-001
3.507939e+003,5.144271e-001
3.509867e+003,5.116168e-001
3.511796e+003,5.088192e-001
3.513724e+003,5.059966e-001
3.515653e+003,5.031620e-001
3.517581e+003,5.003654e-001
3.519510e+003,4.976960e-001
3.521438e+003,4.950492e-001
3.523367e+003,4.923986e-001
3.525295e+003,4.898127e-001
3.527224e+003,4.872959e-001
3.529152e+003,4.848056e-001
3.531081e+003,4.823277e-001
3.533009e+003,4.798461e-001
3.534938e+003,4.774660e-001
3.536866e+003,4.751652e-001
3.538795e+003,4.728974e-001
3.540723e+003,4.706617e-001
3.542652e+003,4.685201e-001
3.544580e+003,4.664587e-001
3.546509e+003,4.644667e-001
3.548437e+003,4.624998e-001
3.550366e+003,4.606094e-001
3.552294e+003,4.586972e-001
3.554223e+003,4.566478e-001
3.556151e+003,4.547290e-001
3.558080e+003,4.529265e-001
3.560008e+003,4.511349e-001
3.561937e+003,4.493814e-001
3.563865e+003,4.476042e-001
3.565794e+003,4.457711e-001
3.567722e+003,4.439644e-001
3.569651e+003,4.422023e-001
3.571579e+003,4.404206e-001
3.573508e+003,4.384920e-001
3.575436e+003,4.364922e-001
3.577365e+003,4.346740e-001
3.579293e+003,4.327844e-001
3.581222e+003,4.308185e-001
3.583150e+003,4.290659e-001
3.585079e+003,4.273948e-001
3.587007e+003,4.256279e-001
3.588936e+003,4.238564e-001
3.590864e+003,4.221541e-001
3.592793e+003,4.204760e-001
3.594721e+003,4.186661e-001
3.596650e+003,4.168627e-001
3.598578e+003,4.150263e-001
3.600507e+003,4.130165e-001
3.602435e+003,4.111869e-001
3.604364e+003,4.095208e-001
3.606292e+003,4.076094e-001
3.608221e+003,4.057469e-001
3.610149e+003,4.040511e-001
3.612078e+003,4.024695e-001
3.614006e+003,4.008061e-001
3.615935e+003,3.987670e-001
3.617863e+003,3.970225e-001
3.619792e+003,3.953637e-001
3.621720e+003,3.935992e-001
3.623649e+003,3.919600e-001
3.625577e+003,3.902819e-001
3.627506e+003,3.885743e-001
3.629434e+003,3.869350e-001
3.631363e+003,3.853248e-001
3.633291e+003,3.836052e-001
3.635220e+003,3.818741e-001
3.637148e+003,3.800630e-001
3.639077e+003,3.785619e-001
3.641005e+003,3.771653e-001
3.642934e+003,3.754579e-001
3.644862e+003,3.742962e-001
3.646791e+003,3.732525e-001
3.648719e+003,3.721651e-001
3.650648e+003,3.711491e-001
3.652576e+003,3.701586e-001
3.654505e+003,3.692202e-001
3.656433e+003,3.679436e-001
3.658362e+003,3.668199e-001
3.660290e+003,3.658071e-001
3.662219e+003,3.641692e-001
3.664147e+003,3.629965e-001
3.666076e+003,3.625028e-001
3.668004e+003,3.621278e-001
3.669933e+003,3.616585e-001
3.671861e+003,3.614344e-001
3.673790e+003,3.612755e-001
3.675718e+003,3.607620e-001
3.677647e+003,3.602626e-001
3.679575e+003,3.599465e-001
3.681504e+003,3.596586e-001
3.683432e+003,3.591186e-001
3.685361e+003,3.589123e-001
3.687289e+003,3.586390e-001
3.689218e+003,3.578470e-001
3.691146e+003,3.577530e-001
3.693075e+003,3.578541e-001
3.695003e+003,3.579405e-001
3.696932e+003,3.578604e-001
3.698860e+003,3.575469e-001
3.700789e+003,3.573098e-001
3.702717e+003,3.570663e-001
3.704646e+003,3.570606e-001
3.706574e+003,3.572340e-001
3.708503e+003,3.573615e-001
3.710431e+003,3.573844e-001
3.712360e+003,3.574433e-001
3.714288e+003,3.574241e-001
3.716217e+003,3.576273e-001
3.718145e+003,3.579124e-001
3.720074e+003,3.580432e-001
3.722002e+003,3.578421e-001
3.723931e+003,3.575834e-001
3.725859e+003,3.576406e-001
3.727788e+003,3.581616e-001
3.729716e+003,3.587046e-001
3.731645e+003,3.586109e-001
3.733573e+003,3.588715e-001
3.735502e+003,3.591395e-001
3.737430e+003,3.591231e-001
3.739359e+003,3.591616e-001
3.741287e+003,3.595780e-001
3.743216e+003,3.601555e-001
3.745144e+003,3.603709e-001
3.747073e+003,3.603576e-001
3.749001e+003,3.604730e-001
3.750930e+003,3.608374e-001
3.752858e+003,3.612255e-001
3.754787e+003,3.615842e-001
3.756715e+003,3.615172e-001
3.758644e+003,3.612550e-001
3.760572e+003,3.615886e-001
3.762501e+003,3.616787e-001
3.764429e+003,3.615455e-001
3.766358e+003,3.614977e-001
3.768286e+003,3.618199e-001
3.770215e+003,3.620778e-001
3.772143e+003,3.621192e-001
3.774072e+003,3.622511e-001
3.776000e+003,3.625940e-001
3.777929e+003,3.628266e-001
3.779857e+003,3.630165e-001
3.781786e+003,3.632688e-001
3.783714e+003,3.632266e-001
3.785643e+003,3.635904e-001
3.787571e+003,3.637672e-001
3.789500e+003,3.637756e-001
3.791428e+003,3.641026e-001
3.793357e+003,3.641419e-001
3.795285e+003,3.644232e-001
3.797214e+003,3.648774e-001
3.799142e+003,3.653201e-001
3.801071e+003,3.658487e-001
3.802999e+003,3.659859e-001
3.804927e+003,3.663788e-001
3.806856e+003,3.666755e-001
3.808785e+003,3.666199e-001
3.810713e+003,3.668851e-001
3.812642e+003,3.673035e-001
3.814570e+003,3.674146e-001
3.816499e+003,3.677444e-001
3.818427e+003,3.682334e-001
3.820355e+003,3.684481e-001
3.822284e+003,3.688600e-001
3.824213e+003,3.692299e-001
3.826141e+003,3.693594e-001
3.828070e+003,3.695217e-001
3.829998e+003,3.695220e-001
3.831927e+003,3.698924e-001
3.833855e+003,3.701266e-001
3.835783e+003,3.703744e-001
3.837712e+003,3.710682e-001
3.839641e+003,3.710028e-001
3.841569e+003,3.709531e-001
3.843498e+003,3.713659e-001
3.845426e+003,3.718189e-001
3.847354e+003,3.723479e-001
3.849283e+003,3.726753e-001
3.851211e+003,3.726792e-001
3.853140e+003,3.728681e-001
3.855069e+003,3.734052e-001
3.856997e+003,3.735549e-001
3.858926e+003,3.740027e-001
3.860854e+003,3.743824e-001
3.862782e+003,3.747427e-001
3.864711e+003,3.750346e-001
3.866640e+003,3.747074e-001
3.868568e+003,3.747760e-001
3.870497e+003,3.753849e-001
3.872425e+003,3.756641e-001
3.874354e+003,3.759991e-001
3.876282e+003,3.763026e-001
3.878210e+003,3.763311e-001
3.880139e+003,3.765796e-001
3.882068e+003,3.769062e-001
3.883996e+003,3.769823e-001
3.885925e+003,3.772519e-001
3.887853e+003,3.773068e-001
3.889781e+003,3.774804e-001
3.891710e+003,3.775817e-001
3.893638e+003,3.776409e-001
3.895567e+003,3.779331e-001
3.897496e+003,3.783361e-001
3.899424e+003,3.785287e-001
3.901353e+003,3.790177e-001
3.903281e+003,3.793107e-001
3.905209e+003,3.793720e-001
3.907138e+003,3.796519e-001
3.909066e+003,3.800594e-001
3.910995e+003,3.802321e-001
3.912924e+003,3.802503e-001
3.914852e+003,3.803554e-001
3.916781e+003,3.804432e-001
3.918709e+003,3.805287e-001
3.920637e+003,3.808173e-001
3.922566e+003,3.811542e-001
3.924494e+003,3.814302e-001
3.926423e+003,3.817159e-001
3.928352e+003,3.819367e-001
3.930280e+003,3.819831e-001
3.932208e+003,3.821693e-001
3.934137e+003,3.824091e-001
3.936065e+003,3.826534e-001
3.937994e+003,3.828681e-001
3.939922e+003,3.832146e-001
3.941851e+003,3.836166e-001
3.943780e+003,3.839373e-001
3.945708e+003,3.842260e-001
3.947636e+003,3.845553e-001
3.949565e+003,3.849067e-001
3.951493e+003,3.852320e-001
3.953422e+003,3.855312e-001
3.955351e+003,3.857409e-001
3.957279e+003,3.859209e-001
3.959208e+003,3.861653e-001
3.961136e+003,3.863136e-001
3.963064e+003,3.864285e-001
3.964993e+003,3.865789e-001
3.966921e+003,3.867467e-001
3.968850e+003,3.868831e-001
3.970779e+003,3.869949e-001
3.972707e+003,3.870878e-001
3.974635e+003,3.872032e-001
3.976564e+003,3.873293e-001
3.978492e+003,3.875005e-001
3.980421e+003,3.876693e-001
3.982349e+003,3.878423e-001
3.984278e+003,3.880417e-001
3.986207e+003,3.882496e-001
3.988135e+003,3.884462e-001
3.990063e+003,3.886672e-001
3.991992e+003,3.888812e-001
3.993920e+003,3.890966e-001
3.995849e+003,3.893105e-001
3.997777e+003,3.895202e-001
3.999706e+003,3.897098e-001
4.001635e+003,0.000000e+000
